Summary,Issue key,Issue id,Issue Type,Status,Project key,Project name,Project type,Project lead,Project description,Project url,Priority,Resolution,Assignee,Reporter,Creator,Created,Updated,Last Viewed,Resolved,Due Date,Votes,Description,Environment,Watchers,Watchers,Original Estimate,Remaining Estimate,Time Spent,Work Ratio,Σ Original Estimate,Σ Remaining Estimate,Σ Time Spent,Security Level,Inward issue link (Blocks),Outward issue link (Blocks),Inward issue link (Relates),Outward issue link (Relates),Custom field (Business Value),Custom field (Commit Levels),Custom field (Current Status),Custom field (Design),Custom field (Design Status),Custom field (Documentation Impact),Custom field (Documentation Status),Custom field (Epic Color),Custom field (Epic Link),Custom field (Epic Name),Custom field (Epic Status),Custom field (Executed),Custom field (Found in Commit),Custom field (Function Test Status),Custom field (Must Fix),Custom field (Original story points),Custom field (Parent Link),Custom field (Rank),Custom field (Release Note),Custom field (Release Note Required),Custom field (Root Cause Analysis),Custom field (SDK Impact),Custom field (Sample/Tutorial),Custom field (Steps to Reproduce),Custom field (Story Points),Custom field (System Test Impact),Custom field (Target end),Custom field (Target start),Custom field (Team),Custom field (Team),Custom field (Test Plan),Custom field (Test Result),Custom field (Test Result Details),Custom field (Test Type),Custom field (Triaged),Custom field (Usage),Custom field (Watchers),Custom field (Watchers),Custom field (Workaround),Custom field (gitBranch),Custom field (gitBranch),Custom field (gitBranch),Custom field (gitCommitsReferenced),Comment
Test Transact Issue on Multi-Project Kanban Board,TX-1,39837,Improvement,Done,TX,Transact,software,amundson,,,Medium,Done,mfford,mfford,mfford,16/May/19 5:03 AM,21/May/19 5:38 AM,28/Oct/23 2:43 AM,21/May/19 5:38 AM,,0,,,mfford,,,,,,,,,,,,,,,,,(Please add high level design or a link to the design),Unset,Unset,Unset,,,,,No,,Unset,No,,,"1|hzwu9b:5",,,,Unset,Unset,(Please add steps to reproduce),,Unset,,,,,,Unset,,Unset,,(Please add usage information),mfford,,,,,,,
Parity w/Sawtooth,TX-3,39951,Epic,Backlog,TX,Transact,software,amundson,,,Medium,,amundson,amundson,amundson,21/May/19 5:35 AM,08/Jun/19 2:24 AM,28/Oct/23 2:43 AM,,,0,"This epic is complete when Transact is at feature-parity with Sawtooth, to the extent that Sawtooth can start using Transact instead of it's current python TEP implementation.",,amundson,,,,,,,,,,,,,,,,,(Please add high level design or a link to the design),Unset,Unset,Unset,ghx-label-7,,Parity w/Sawtooth,To Do,No,,Unset,No,,,"1|i00cxc:",,,,Unset,Unset,(Please add steps to reproduce),,Unset,,,,,,Unset,,Unset,,(Please add usage information),amundson,,,,,,,
Design Transact Documentation Stories,TX-4,39952,Improvement,Done,TX,Transact,software,amundson,,,Medium,Done,agunde,agunde,agunde,21/May/19 5:37 AM,05/Jun/19 1:35 AM,28/Oct/23 2:43 AM,05/Jun/19 1:35 AM,,0,Figure out what stories need to exist for when we do a Transact Documentation Sprint,,agunde,,,,,,,,,,,,,,,,,(Please add high level design or a link to the design),Unset,Unset,Unset,,TX-25,,,No,,Unset,No,,,"1|i00ljv:",,,,Unset,Unset,(Please add steps to reproduce),,Unset,,,,,,Unset,,Unset,,(Please add usage information),agunde,,,,,,,"05/Jun/19 1:35 AM;agunde;The transact documentation epic has created as an output of this story.;;;"
Bootstrap HL Transact,TX-5,39953,Epic,Backlog,TX,Transact,software,amundson,,,Medium,,amundson,amundson,amundson,21/May/19 5:38 AM,12/Jun/19 12:16 AM,28/Oct/23 2:43 AM,,,0,"Do all the bootstrapping tasks necessary to get the Transact project to an initial state within HL.

For reference, see list at: https://wiki.hyperledger.org/display/tools/Transact",,amundson,,,,,,,,,,,,,,,,,(Please add high level design or a link to the design),Unset,Unset,Unset,ghx-label-7,,Bootstrap HL Transact,To Do,No,,Unset,No,,,"1|i00cxf:",,,,Unset,Unset,(Please add steps to reproduce),,Unset,,,,,,Unset,,Unset,,(Please add usage information),amundson,,,,,,,
Add XO execution test to transact,TX-6,39954,Improvement,Done,TX,Transact,software,amundson,,,Medium,Done,pschwarz,pschwarz,pschwarz,21/May/19 5:40 AM,05/Jun/19 2:33 AM,28/Oct/23 2:43 AM,05/Jun/19 2:33 AM,,0,"Ideally, we would write a test within transact to demonstrate running a Sawtooth XO transaction. ",,pschwarz,,,,,,,,,,,,,,,,,(Please add high level design or a link to the design),Unset,Unset,Unset,,TX-3,,,No,,Unset,No,,,"1|i00odr:",,,,Unset,Unset,(Please add steps to reproduce),,Unset,,,,,,Unset,,Unset,,(Please add usage information),pschwarz,,,,,,,
Implement Lock-free context manager,TX-7,39955,Improvement,In Review,TX,Transact,software,amundson,,,Medium,,satelander,pschwarz,pschwarz,21/May/19 5:49 AM,10/Feb/22 5:40 PM,28/Oct/23 2:43 AM,,,0,Implement a lock-free context manage that is readable from multiple threads.,,pschwarz,,,,,,,,,,,,,,,,,(Please add high level design or a link to the design),Unset,Unset,Unset,,TX-3,,,No,,Unset,No,,,"1|hzzl9w:",,,,Unset,Unset,(Please add steps to reproduce),,Unset,,,,,,Unset,,Unset,,(Please add usage information),pschwarz,,,,,,,
Write for RFC Command Family,TX-8,39956,Improvement,In Review,TX,Transact,software,amundson,,,Medium,,pschwarz,pschwarz,pschwarz,21/May/19 5:56 AM,04/Sep/19 10:58 PM,28/Oct/23 2:43 AM,,,0,"Write an RFC for a Command Transaction family, which exercise all of the available operations as specified in transactions directly.",,pschwarz,,,,,,,,,,,TX-23,,,,,,(Please add high level design or a link to the design),Unset,Unset,Unset,,TX-3,,,No,,Unset,No,,,"1|i00oe7:",,,,Unset,Unset,(Please add steps to reproduce),,Unset,,,,,,Unset,,Unset,,(Please add usage information),pschwarz,,,,,,,
Write Multi-database RFC for Transact,TX-9,39957,Improvement,In Review,TX,Transact,software,amundson,,,Medium,,ltseeley,pschwarz,pschwarz,21/May/19 5:57 AM,01/Jun/19 3:53 AM,28/Oct/23 2:43 AM,,,0,Write an RFC for allowing a smart contract in transact to read from multi-database (only write to one),,pschwarz,,,,,,,,,,,,,,,,,(Please add high level design or a link to the design),Unset,Unset,Unset,,,,,No,,Unset,No,,,"1|i00oef:",,,,Unset,Unset,(Please add steps to reproduce),,Unset,,,,,,Unset,,Unset,,(Please add usage information),pschwarz,,,,,,,
Serial Scheduer: Support Multiple Transactions Per Batch ,TX-10,39958,Improvement,Done,TX,Transact,software,amundson,,,Medium,Done,ltseeley,pschwarz,pschwarz,21/May/19 6:04 AM,15/Jun/19 12:15 AM,28/Oct/23 2:43 AM,15/Jun/19 12:15 AM,,0,Support for multiple transactions in a batch is missing.,,pschwarz,,,,,,,,,,,,,,,,,(Please add high level design or a link to the design),Unset,Unset,Unset,,TX-3,,,No,,Unset,No,,,"1|i00oen:",,,,Unset,Unset,(Please add steps to reproduce),,Unset,,,,,,Unset,,Unset,,(Please add usage information),pschwarz,,,,,,,
Determine a logo for Transact,TX-11,39984,Task,Done,TX,Transact,software,amundson,,,High,Done,amundson,amundson,amundson,21/May/19 11:17 PM,26/Jun/19 11:30 PM,28/Oct/23 2:43 AM,26/Jun/19 11:30 PM,,0,We need a logo for Hyperledger Transact.,,amundson,,,,,,,,,,,,,,,,,(Please add high level design or a link to the design),Unset,Unset,Unset,,TX-5,,,No,,Unset,No,,,"1|hzwu9b:5w",,,,Unset,Unset,(Please add steps to reproduce),,Unset,,,,,,Unset,,Unset,,(Please add usage information),amundson,,,,,,,
Setup mailing list for Transact,TX-12,39985,Task,Done,TX,Transact,software,amundson,,,Medium,Done,amundson,amundson,amundson,21/May/19 11:18 PM,23/May/19 10:54 PM,28/Oct/23 2:43 AM,23/May/19 10:54 PM,,0,We need a mailing list for Transact.,,amundson,,,,,,,,,,,,,,,,,(Please add high level design or a link to the design),Unset,Unset,Unset,,TX-5,,,No,,Unset,No,,,"1|i00lju:k",,,,Unset,Unset,(Please add steps to reproduce),,Unset,,,,,,Unset,,Unset,,(Please add usage information),amundson,,,,,,,"23/May/19 10:53 PM;amundson;https://lists.hyperledger.org/g/transact;;;"
Implement the Predecessor Tree,TX-13,39986,New Feature,Backlog,TX,Transact,software,amundson,,,Medium,,ltseeley,agunde,agunde,21/May/19 11:18 PM,18/Jun/19 3:56 AM,28/Oct/23 2:43 AM,,,0,Must be at feature parity with the Predecessor Tree in Sawtooth. This is required to implement the Parallel Scheduler.  ,,agunde,,,,,,,,,,,,,,,,,(Please add high level design or a link to the design),Unset,Unset,Unset,,TX-3,,,No,,Unset,No,,,"1|i00ok4:",,,,Unset,Unset,(Please add steps to reproduce),,Unset,,,,,,Unset,,Unset,,(Please add usage information),agunde,,,,,,,
Create a space on the wiki for Transact,TX-14,39989,Task,Done,TX,Transact,software,amundson,,,Medium,Done,amundson,amundson,amundson,21/May/19 11:19 PM,26/Jun/19 11:31 PM,28/Oct/23 2:43 AM,26/Jun/19 11:31 PM,,0,,,amundson,,,,,,,,,,,,,,,,,(Please add high level design or a link to the design),Unset,Unset,Unset,,TX-5,,,No,,Unset,No,,,"1|hzwu9b:5wi",,,,Unset,Unset,(Please add steps to reproduce),,Unset,,,,,,Unset,,Unset,,(Please add usage information),amundson,,,,,,,"23/May/19 11:00 PM;amundson;Space exists - https://wiki.hyperledger.org/display/transact

Need to initialize the content.;;;"
Add unit tests for the Predecessor Tree ,TX-15,39988,New Feature,Backlog,TX,Transact,software,amundson,,,Medium,,ltseeley,agunde,agunde,21/May/19 11:19 PM,18/Jun/19 3:56 AM,28/Oct/23 2:43 AM,,,0,The Predecessor Tree should be fully tested. Please look at the Predecessor tree unit tests in Sawtooth Core for examples. ,,agunde,,,,,,,,,,,,,,,,,(Please add high level design or a link to the design),Unset,Unset,Unset,,TX-3,,,No,,Unset,No,,,"1|i00ok8:",,,,Unset,Unset,(Please add steps to reproduce),,Unset,,,,,,Unset,,Unset,,(Please add usage information),agunde,,,,,,,
Setup initial git repositories for Transact,TX-16,39990,Task,Done,TX,Transact,software,amundson,,,Medium,Done,amundson,amundson,amundson,21/May/19 11:20 PM,26/Jun/19 11:31 PM,28/Oct/23 2:43 AM,26/Jun/19 11:31 PM,,0,"We probably want three initially: 'transact', 'transact-rfcs', and 'transact-contrib'.",,amundson,,,,,,,,,,,,,,,,,(Please add high level design or a link to the design),Unset,Unset,Unset,,TX-5,,,No,,Unset,No,,,"1|i00oeu:",,,,Unset,Unset,(Please add steps to reproduce),,Unset,,,,,,Unset,,Unset,,(Please add usage information),amundson,,,,,,,
Write Parallel Scheduler,TX-17,39991,New Feature,Backlog,TX,Transact,software,amundson,,,Medium,,ltseeley,agunde,agunde,21/May/19 11:21 PM,21/May/19 11:21 PM,28/Oct/23 2:43 AM,,,0,Write the parallel scheduler implementation for Transact.,,agunde,,,,,,,,,,,,,,,,,(Please add high level design or a link to the design),Unset,Unset,Unset,,TX-3,,,No,,Unset,No,,,"1|i00okc:",,,,Unset,Unset,(Please add steps to reproduce),,Unset,,,,,,Unset,,Unset,,(Please add usage information),agunde,,,,,,,
Setup a monthly contributor's meeting for Transact,TX-18,39992,Task,Done,TX,Transact,software,amundson,,,Medium,Done,mfford,amundson,amundson,21/May/19 11:22 PM,23/May/19 11:05 PM,28/Oct/23 2:43 AM,23/May/19 11:02 PM,,0,We need to schedule a contributor's meeting for Transact.,,amundson,mfford,,,,,,,,,,,,,,,,(Please add high level design or a link to the design),Unset,Unset,Unset,,TX-5,,,No,,Unset,No,,,"1|i00oeu:zr",,,,Unset,Unset,(Please add steps to reproduce),,Unset,,,,,,Unset,,Unset,,(Please add usage information),amundson,mfford,,,,,,"23/May/19 11:05 PM;mfford;Meetings have been established and can be found on the HL Calendar, with the first one to start June 3rd: https://wiki.hyperledger.org/display/HYP/Calendar+of+Public+Meetings;;;"
Create a project page for Transact,TX-19,39993,Task,Done,TX,Transact,software,amundson,,,Medium,Done,amundson,amundson,amundson,21/May/19 11:24 PM,26/Jun/19 11:31 PM,28/Oct/23 2:43 AM,26/Jun/19 11:31 PM,,0,Work with the marketing team to develop a project-specific webpage.,,amundson,,,,,,,,,,,,,,,,,(Please add high level design or a link to the design),Unset,Unset,Unset,,TX-5,,,No,,Unset,No,,,"1|i00lju:i",,,,Unset,Unset,(Please add steps to reproduce),,Unset,,,,,,Unset,,Unset,,(Please add usage information),amundson,,,,,,,
Write a blog post for Transact,TX-20,39994,Task,Done,TX,Transact,software,amundson,,,Highest,Done,amundson,amundson,amundson,21/May/19 11:24 PM,05/Jun/19 11:23 PM,28/Oct/23 2:43 AM,05/Jun/19 11:23 PM,,0,We need a blog post for the Transact announcement.,,amundson,,,,,,,,,,,,,TX-24,,,,(Please add high level design or a link to the design),Unset,Unset,Unset,,TX-5,,,No,,Unset,No,,,"1|i00lju:r",,,,Unset,Unset,(Please add steps to reproduce),,Unset,,,,,,Unset,,Unset,,(Please add usage information),amundson,,,,,,,
Write a README.md for the Transact repository,TX-21,39995,Task,Done,TX,Transact,software,amundson,,,Highest,Done,amundson,amundson,amundson,21/May/19 11:27 PM,03/Jun/19 11:21 PM,28/Oct/23 2:43 AM,03/Jun/19 11:21 PM,,0,,,amundson,,,,,,,,,,,,,,,,,(Please add high level design or a link to the design),Unset,Unset,Unset,,TX-5,,,No,,Unset,No,,,"1|i00oeu:k",,,,Unset,Unset,(Please add steps to reproduce),,Unset,,,,,,Unset,,Unset,,(Please add usage information),amundson,,,,,,,
Write some text for the crates.io Transact page,TX-22,39997,Task,Backlog,TX,Transact,software,amundson,,,Medium,,amundson,amundson,amundson,21/May/19 11:28 PM,04/Jun/19 4:04 AM,28/Oct/23 2:43 AM,,,0,,,amundson,,,,,,,,,,,,,,,,,(Please add high level design or a link to the design),Unset,Unset,Unset,,TX-25,,,No,,Unset,No,,,"1|i00okk:",,,,Unset,Unset,(Please add steps to reproduce),,Unset,,,,,,Unset,,Unset,,(Please add usage information),amundson,,,,,,,
Implement Command Family,TX-23,40027,Improvement,Done,TX,Transact,software,amundson,,,Medium,Done,satelander,pschwarz,pschwarz,22/May/19 12:54 AM,17/Jul/19 11:31 PM,28/Oct/23 2:43 AM,17/Jul/19 11:31 PM,,0,"Implement the transaction family described in the Command Family RFC (TX-8)

This will be used for testing. ",,pschwarz,,,,,,,,,,TX-8,,,,,,,(Please add high level design or a link to the design),Unset,Unset,Unset,,TX-3,,,No,,Unset,No,,,"1|i00on0:",,,,Unset,Unset,(Please add steps to reproduce),,Unset,,,,,,Unset,,Unset,,(Please add usage information),pschwarz,,,,,,,
Edit Transact blog post,TX-24,40047,Task,Done,TX,Transact,software,amundson,,,Highest,Done,achenette,achenette,achenette,22/May/19 5:05 AM,11/Jun/19 11:41 PM,28/Oct/23 2:43 AM,11/Jun/19 11:41 PM,,0,,,achenette,,28800,28800,,0%,28800,28800,,,,,TX-20,,,,,(Please add high level design or a link to the design),Unset,Unset,Unset,,TX-5,,,No,,Unset,No,,,"1|i00ojo:",,,,Unset,Unset,(Please add steps to reproduce),,Unset,,,,,,Unset,,Unset,,(Please add usage information),achenette,,,,,,,"22/May/19 11:45 PM;achenette;See https://jira.hyperledger.org/browse/TX-20;;;"
Transact Documentation,TX-25,40302,Epic,Backlog,TX,Transact,software,amundson,,,Medium,,dan.middleton@intel.com,mfford,mfford,04/Jun/19 3:32 AM,04/Jun/19 4:30 AM,28/Oct/23 2:43 AM,,,0,,,mfford,,,,,,,,,,,,,,,,,(Please add high level design or a link to the design),Unset,Unset,Unset,ghx-label-7,,Transact Documentation,To Do,No,,Unset,No,,,"1|i00cxf:i",,,,Unset,Unset,(Please add steps to reproduce),,Unset,,,,,,Unset,,Unset,,(Please add usage information),mfford,,,,,,,
Implement ZMQ ExecutionAdapter,TX-26,40303,Improvement,In Progress,TX,Transact,software,amundson,,,Medium,,RobinBanks,pschwarz,pschwarz,04/Jun/19 3:40 AM,10/Jun/19 9:57 PM,28/Oct/23 2:43 AM,,,0,Implement an ExecutionAdapter that provides support for transaction handlers over ZMQ.  This should allow Sawtooth transaction processors to connect to a transact-backed instance.,,pschwarz,,,,,,,,,,,,,,,,,(Please add high level design or a link to the design),Unset,Unset,Unset,,TX-3,,,No,,Unset,No,,,"1|i00q04:",,,,Unset,Unset,(Please add steps to reproduce),,Unset,,,,,,Unset,,Unset,,(Please add usage information),pschwarz,,,,,,,
Write MultiScheduler,TX-27,40305,New Feature,Done,TX,Transact,software,amundson,,,Medium,Done,ltseeley,amundson,amundson,04/Jun/19 3:51 AM,24/Jun/19 10:19 PM,28/Oct/23 2:43 AM,24/Jun/19 10:19 PM,,0,"The MultiScheduler will allow running multiple schedulers at once to verify that they produce equivalent results. This will be useful in testing correctness between the serial and parallel scheduler, and proving determinism of the parallel scheduler.",,amundson,,,,,,,,,,,,,,,,,(Please add high level design or a link to the design),Unset,Unset,Unset,,TX-3,,,No,,Unset,No,,,"1|i00q0s:",,,,Unset,Unset,(Please add steps to reproduce),,Unset,,,,,,Unset,,Unset,,(Please add usage information),amundson,,,,,,,
Improve shutdown behaviour,TX-28,40306,Improvement,Backlog,TX,Transact,software,amundson,,,Medium,,pschwarz,pschwarz,pschwarz,04/Jun/19 3:53 AM,04/Jun/19 4:03 AM,28/Oct/23 2:43 AM,,,0,"Currently, shutdowns are often handle with a combination of {{receiver.recv_timeout()}} and an atomic boolean.  This should be replaced with an internal enum that signals shutdown, with a priority channel that prioritizes the shutdown signal over other items.

One area where this would be very effective is in the",,pschwarz,,,,,,,,,,,,,,,,,(Please add high level design or a link to the design),Unset,Unset,Unset,,,,,No,,Unset,No,,,"1|i00q10:",,,,Unset,Unset,(Please add steps to reproduce),,Unset,,,,,,Unset,,Unset,,(Please add usage information),pschwarz,,,,,,,
Prove correctness of the SerialScheduler,TX-29,40307,Improvement,In Progress,TX,Transact,software,amundson,,,Medium,,pschwarz,pschwarz,pschwarz,04/Jun/19 3:54 AM,25/Oct/21 7:54 AM,28/Oct/23 2:43 AM,,,0,"* generate blocks in a Sawtooth chain
 * feed the batches into transact with a serial scheduler
 * show that the correct state root hash is produced.",,pschwarz,,,,,,,,,,,,,,,,,(Please add high level design or a link to the design),Unset,Unset,Unset,,TX-3,,,No,,Unset,No,,,"1|i011mw:",,,,Unset,Unset,(Please add steps to reproduce),,Unset,,,,,,Unset,,Unset,,(Please add usage information),pschwarz,,,,,,,
Add shim for command family capture,TX-30,40308,New Feature,Backlog,TX,Transact,software,amundson,,,Medium,,satelander,amundson,amundson,04/Jun/19 3:55 AM,04/Jun/19 5:41 AM,28/Oct/23 2:43 AM,,,0,It is desirable to be able to run smart contract engines under a workload and capture the get/set/delete statements (from the point of view of the context manager or executor) in such a way that they can be replayed later using the command smart contract engine.,,amundson,,,,,,,,,,,,,,,,,(Please add high level design or a link to the design),Unset,Unset,Unset,,TX-3,,,No,,Unset,No,,,"1|i00q18:",,,,Unset,Unset,(Please add steps to reproduce),,Unset,,,,,,Unset,,Unset,,(Please add usage information),amundson,,,,,,,
Write Module Level Doc Template,TX-31,40310,Improvement,Backlog,TX,Transact,software,amundson,,,Medium,,,agunde,agunde,04/Jun/19 4:00 AM,04/Jun/19 4:17 AM,28/Oct/23 2:43 AM,,,0,"At the top of every module we want to have good documentation that explains what the module is for. To maintain consistency and the same level of information, we need to create a template for what this module level documentation should look like.",,agunde,,,,,,,,,,,,,,,,,(Please add high level design or a link to the design),Unset,Unset,Unset,,TX-25,,,No,,Unset,No,,,"1|i00obk:",,,,Unset,Unset,(Please add steps to reproduce),,Unset,,,,,,Unset,,Unset,,(Please add usage information),agunde,,,,,,,
Write module level documentation for context,TX-32,40311,Improvement,Backlog,TX,Transact,software,amundson,,,Medium,,,agunde,agunde,04/Jun/19 4:05 AM,04/Jun/19 4:17 AM,28/Oct/23 2:43 AM,,,0,"Following the module level doc template, add documentation to https://github.com/bitwiseio/transact/blob/master/libtransact/src/context/mod.rs",,agunde,,,,,,,,,,,,,,,,,(Please add high level design or a link to the design),Unset,Unset,Unset,,TX-25,,,No,,Unset,No,,,"1|i00q1o:",,,,Unset,Unset,(Please add steps to reproduce),,Unset,,,,,,Unset,,Unset,,(Please add usage information),agunde,,,,,,,
Write module level documentation for context manager,TX-33,40312,Improvement,Backlog,TX,Transact,software,amundson,,,Medium,,,agunde,agunde,04/Jun/19 4:06 AM,04/Jun/19 4:17 AM,28/Oct/23 2:43 AM,,,0,"Following the module level doc template, add documentation to https://github.com/bitwiseio/transact/blob/master/libtransact/src/context/manager/mod.rs",,agunde,,,,,,,,,,,,,,,,,(Please add high level design or a link to the design),Unset,Unset,Unset,,TX-25,,,No,,Unset,No,,,"1|i00q1w:",,,,Unset,Unset,(Please add steps to reproduce),,Unset,,,,,,Unset,,Unset,,(Please add usage information),agunde,,,,,,,
Simplify Executor Thread Model,TX-34,40313,Improvement,Backlog,TX,Transact,software,amundson,,,Medium,,pschwarz,pschwarz,pschwarz,04/Jun/19 4:08 AM,04/Jun/19 4:08 AM,28/Oct/23 2:43 AM,,,0,Execution adapters are intended to be responsible managing their own threads.  This allows the executor to be simplified as it doesn't need to manage pools of the same execution adapter.,,pschwarz,,,,,,,,,,,,,,,,,(Please add high level design or a link to the design),Unset,Unset,Unset,,,,,No,,Unset,No,,,"1|i00q2c:",,,,Unset,Unset,(Please add steps to reproduce),,Unset,,,,,,Unset,,Unset,,(Please add usage information),pschwarz,,,,,,,
Write module level documentation for database,TX-35,40314,Improvement,Backlog,TX,Transact,software,amundson,,,Medium,,amundson,agunde,agunde,04/Jun/19 4:08 AM,04/Jun/19 4:09 AM,28/Oct/23 2:43 AM,,,0,"Following the module level template, add documentatin to https://github.com/bitwiseio/transact/blob/master/libtransact/src/database/mod.rs",,agunde,,,,,,,,,,,,,,,,,(Please add high level design or a link to the design),Unset,Unset,Unset,,TX-25,,,No,,Unset,No,,,"1|i00q24:",,,,Unset,Unset,(Please add steps to reproduce),,Unset,,,,,,Unset,,Unset,,(Please add usage information),agunde,,,,,,,
Write Transact Overview,TX-36,40315,Improvement,Backlog,TX,Transact,software,amundson,,,Medium,,,mfford,mfford,04/Jun/19 4:10 AM,04/Jun/19 4:16 AM,28/Oct/23 2:43 AM,,,0,Write the Transact Overview and include in the top layer of Transact documentation.,,mfford,,,,,,,,,,,,,,,,,(Please add high level design or a link to the design),Unset,Unset,Unset,,TX-25,,,No,,Unset,No,,,"1|i00q3g:",,,,Unset,Unset,(Please add steps to reproduce),,Unset,,,,,,Unset,,Unset,,(Please add usage information),mfford,,,,,,,
Write module level documentation for execution,TX-37,40316,Improvement,Backlog,TX,Transact,software,amundson,,,Medium,,amundson,agunde,agunde,04/Jun/19 4:10 AM,04/Jun/19 4:11 AM,28/Oct/23 2:43 AM,,,0,"Following the module level template, add documentation to https://github.com/bitwiseio/transact/blob/master/libtransact/src/execution/mod.rs",,agunde,,,,,,,,,,,,,,,,,(Please add high level design or a link to the design),Unset,Unset,Unset,,TX-25,,,No,,Unset,No,,,"1|i00q2s:",,,,Unset,Unset,(Please add steps to reproduce),,Unset,,,,,,Unset,,Unset,,(Please add usage information),agunde,,,,,,,
Write module level documentation for execution adapter ,TX-38,40317,Improvement,Backlog,TX,Transact,software,amundson,,,Medium,,amundson,agunde,agunde,04/Jun/19 4:15 AM,04/Jun/19 4:15 AM,28/Oct/23 2:43 AM,,,0,"Following the module level template, add documentation to [https://github.com/bitwiseio/transact/blob/master/libtransact/src/execution/adapter/mod.rs]",,agunde,,,,,,,,,,,,,,,,,(Please add high level design or a link to the design),Unset,Unset,Unset,,TX-25,,,No,,Unset,No,,,"1|i00q30:",,,,Unset,Unset,(Please add steps to reproduce),,Unset,,,,,,Unset,,Unset,,(Please add usage information),agunde,,,,,,,
Review Transact API for appropriate visibility levels,TX-39,40318,Improvement,Backlog,TX,Transact,software,amundson,,,Medium,,,mfford,mfford,04/Jun/19 4:16 AM,10/Feb/22 5:41 PM,28/Oct/23 2:43 AM,,,0,,,mfford,,,,,,,,,,,,,,,,,(Please add high level design or a link to the design),Unset,Unset,Unset,,TX-25,,,No,,Unset,No,,,"1|i00q20:",,,,Unset,Unset,(Please add steps to reproduce),,Unset,,,,,,Unset,,Unset,,(Please add usage information),mfford,,,,,,,
Write module level documentation for execution executor,TX-40,40319,Improvement,Backlog,TX,Transact,software,amundson,,,Medium,,amundson,agunde,agunde,04/Jun/19 4:16 AM,04/Jun/19 4:16 AM,28/Oct/23 2:43 AM,,,0,"Following the module level template, add documentation to https://github.com/bitwiseio/transact/blob/master/libtransact/src/execution/executor/mod.rs",,agunde,,,,,,,,,,,,,,,,,(Please add high level design or a link to the design),Unset,Unset,Unset,,TX-25,,,No,,Unset,No,,,"1|i00q3o:",,,,Unset,Unset,(Please add steps to reproduce),,Unset,,,,,,Unset,,Unset,,(Please add usage information),agunde,,,,,,,
Write module level documentation for handler,TX-41,40321,Improvement,Backlog,TX,Transact,software,amundson,,,Medium,,amundson,agunde,agunde,04/Jun/19 4:17 AM,04/Jun/19 4:17 AM,28/Oct/23 2:43 AM,,,0,"Following the module level template, add documentation to https://github.com/bitwiseio/transact/blob/master/libtransact/src/handler/mod.rs",,agunde,,,,,,,,,,,,,,,,,(Please add high level design or a link to the design),Unset,Unset,Unset,,TX-25,,,No,,Unset,No,,,"1|i00q44:",,,,Unset,Unset,(Please add steps to reproduce),,Unset,,,,,,Unset,,Unset,,(Please add usage information),agunde,,,,,,,
Write module level documentation for protocol,TX-42,40322,Improvement,Backlog,TX,Transact,software,amundson,,,Medium,,amundson,agunde,agunde,04/Jun/19 4:18 AM,04/Jun/19 4:18 AM,28/Oct/23 2:43 AM,,,0,"**Following the module level template, add documentation to https://github.com/bitwiseio/transact/blob/master/libtransact/src/protocol/mod.rs",,agunde,,,,,,,,,,,,,,,,,(Please add high level design or a link to the design),Unset,Unset,Unset,,TX-25,,,No,,Unset,No,,,"1|i00q4c:",,,,Unset,Unset,(Please add steps to reproduce),,Unset,,,,,,Unset,,Unset,,(Please add usage information),agunde,,,,,,,
Write module level documentation for scheduler,TX-43,40323,Improvement,Backlog,TX,Transact,software,amundson,,,Medium,,amundson,agunde,agunde,04/Jun/19 4:21 AM,04/Jun/19 4:26 AM,28/Oct/23 2:43 AM,,,0,"Following the module level template, add documentation to [libtransact/src/scheduler/mod.rs|https://github.com/bitwiseio/transact/blob/master/libtransact/src/scheduler/mod.rs]",,agunde,,,,,,,,,,,,,,,,,(Please add high level design or a link to the design),Unset,Unset,Unset,,TX-25,,,No,,Unset,No,,,"1|i00q4k:",,,,Unset,Unset,(Please add steps to reproduce),,Unset,,,,,,Unset,,Unset,,(Please add usage information),agunde,,,,,,,
Write module level documentation for serial scheduler,TX-44,40324,Improvement,Backlog,TX,Transact,software,amundson,,,Medium,,amundson,agunde,agunde,04/Jun/19 4:23 AM,04/Jun/19 4:25 AM,28/Oct/23 2:43 AM,,,0,"Following the module level template, add documentation to libtransact/src/scheduler/serial/mod.rs

 ",,agunde,,,,,,,,,,,,,,,,,(Please add high level design or a link to the design),Unset,Unset,Unset,,TX-25,,,No,,Unset,No,,,"1|i00q4s:",,,,Unset,Unset,(Please add steps to reproduce),,Unset,,,,,,Unset,,Unset,,(Please add usage information),agunde,,,,,,,
Write module level documentation for parallel scheduler,TX-45,40326,New Feature,Backlog,TX,Transact,software,amundson,,,Medium,,amundson,agunde,agunde,04/Jun/19 4:25 AM,04/Jun/19 4:25 AM,28/Oct/23 2:43 AM,,,0,"Following the module level template, add documentation to libtransact/src/scheduler/parallel/mod.rs",,agunde,,,,,,,,,,,,,,,,,(Please add high level design or a link to the design),Unset,Unset,Unset,,TX-25,,,No,,Unset,No,,,"1|i00q58:",,,,Unset,Unset,(Please add steps to reproduce),,Unset,,,,,,Unset,,Unset,,(Please add usage information),agunde,,,,,,,
Write module level documentation for signing,TX-46,40327,Improvement,Backlog,TX,Transact,software,amundson,,,Medium,,amundson,agunde,agunde,04/Jun/19 4:27 AM,04/Jun/19 4:27 AM,28/Oct/23 2:43 AM,,,0,"Following the module level template, add documentation to libtransact/src/signing/mod.rs",,agunde,,,,,,,,,,,,,,,,,(Please add high level design or a link to the design),Unset,Unset,Unset,,TX-25,,,No,,Unset,No,,,"1|i00q5g:",,,,Unset,Unset,(Please add steps to reproduce),,Unset,,,,,,Unset,,Unset,,(Please add usage information),agunde,,,,,,,
Write module level documentation for state,TX-47,40328,Improvement,Backlog,TX,Transact,software,amundson,,,Medium,,amundson,agunde,agunde,04/Jun/19 4:28 AM,04/Jun/19 4:28 AM,28/Oct/23 2:43 AM,,,0,"Following the module level template, add documentation to libtransact/src/state/mod.rs.",,agunde,,,,,,,,,,,,,,,,,(Please add high level design or a link to the design),Unset,Unset,Unset,,TX-25,,,No,,Unset,No,,,"1|i00q5o:",,,,Unset,Unset,(Please add steps to reproduce),,Unset,,,,,,Unset,,Unset,,(Please add usage information),agunde,,,,,,,
Write module level documentation for workload,TX-48,40331,Improvement,Backlog,TX,Transact,software,amundson,,,Medium,,amundson,agunde,agunde,04/Jun/19 4:30 AM,04/Jun/19 4:30 AM,28/Oct/23 2:43 AM,,,0,"Following the module level template, add documentation to libtransact/src/workload/mod.rs",,agunde,,,,,,,,,,,,,,,,,(Please add high level design or a link to the design),Unset,Unset,Unset,,TX-25,,,No,,Unset,No,,,"1|i00q78:",,,,Unset,Unset,(Please add steps to reproduce),,Unset,,,,,,Unset,,Unset,,(Please add usage information),agunde,,,,,,,
Write unit tests for Serial Scheduler,TX-49,40449,New Feature,Done,TX,Transact,software,amundson,,,Medium,Done,ltseeley,ltseeley,ltseeley,07/Jun/19 1:33 AM,12/Jul/19 4:01 AM,28/Oct/23 2:43 AM,12/Jul/19 4:01 AM,,0,"Separate integration tests into its own top level directory

Write more scheduler module-level tests

Write tests for serial scheduler specifically (ordering, etc.)",,ltseeley,,,,,,,,,,,,,,,,,(Please add high level design or a link to the design),Unset,Unset,Unset,,TX-3,,,No,,Unset,No,,,"1|i00qrv:ri",,,,Unset,Unset,(Please add steps to reproduce),,Unset,,,,,,Unset,,Unset,,(Please add usage information),ltseeley,,,,,,,
Add error callback to Scheduler trait,TX-50,40474,New Feature,Done,TX,Transact,software,amundson,,,Medium,Done,ltseeley,ltseeley,ltseeley,08/Jun/19 2:24 AM,18/Jun/19 5:20 AM,28/Oct/23 2:43 AM,18/Jun/19 5:20 AM,,0,Add an error callback to the Schedulers that's used when an error is encountered that's not correlated with a specific batch. This will be used initially by the serial scheduler to report when a task completion notification is received for a transaction that's not the current transaction.,,ltseeley,,,,,,,,,,,,,,,,,(Please add high level design or a link to the design),Unset,Unset,Unset,,TX-3,,,No,,Unset,No,,,"1|i00qrv:",,,,Unset,Unset,(Please add steps to reproduce),,Unset,,,,,,Unset,,Unset,,(Please add usage information),ltseeley,,,,,,,
Initialize the Transact RFC Repo,TX-51,40524,New Feature,Done,TX,Transact,software,amundson,,,Medium,Done,amundson,mfford,mfford,12/Jun/19 12:16 AM,04/Sep/19 10:57 PM,28/Oct/23 2:43 AM,04/Sep/19 10:57 PM,,0,Steps to prepare the repo to contain RFCs for the Transact project.,,mfford,,,,,,,,,,,,,,,,,(Please add high level design or a link to the design),Unset,Unset,Unset,,TX-5,,,No,,Unset,No,,,"1|i00qrv:s",,,,Unset,Unset,(Please add steps to reproduce),,Unset,,,,,,Unset,,Unset,,(Please add usage information),mfford,,,,,,,
Investigate macros for autogenerating builder structs,TX-52,41102,New Feature,Backlog,TX,Transact,software,amundson,,,Medium,,RobinBanks,RobinBanks,RobinBanks,12/Jul/19 5:06 AM,12/Jul/19 5:06 AM,28/Oct/23 2:43 AM,,,0,"To better facilitate writing builder methods and structs, implement a set of macros for auto generating builder code.
 * derive(Build)
 * derive(Getters)
 * dervie(Withs)",,RobinBanks,,,,,,,,,,,,,,,,,(Please add high level design or a link to the design),Unset,Unset,Unset,,,,,No,,Unset,No,,,"1|i00tto:",,,,Unset,Unset,(Please add steps to reproduce),,Unset,,,,,,Unset,,Unset,,(Please add usage information),RobinBanks,,,,,,,
Implement signature verifiers,TX-53,42180,Improvement,Backlog,TX,Transact,software,amundson,,,Medium,,amundson,ltseeley,ltseeley,04/Sep/19 3:08 AM,04/Sep/19 3:08 AM,28/Oct/23 2:43 AM,,,0,,,ltseeley,,,,,,,,,,,,,,,,,(Please add high level design or a link to the design),Unset,Unset,Unset,,,,,No,,Unset,No,,,"1|i00z9f:",,,,Unset,Unset,(Please add steps to reproduce),,Unset,,,,,,Unset,,Unset,,(Please add usage information),ltseeley,,,,,,,
Add a Into method to convert receipt::StateChange to a state::StateChange,TX-54,42432,New Feature,Done,TX,Transact,software,amundson,,,Medium,Done,swetharepakula,swetharepakula,swetharepakula,20/Sep/19 6:24 AM,08/Oct/19 12:06 AM,28/Oct/23 2:43 AM,08/Oct/19 12:06 AM,,0,"The [state change enum|[https://github.com/hyperledger/transact/blob/master/libtransact/src/protocol/receipt.rs#L34-L37]] in a receipt cannot be used to apply an update to a database without a manual transformation into the [state module state change enum|[https://github.com/hyperledger/transact/blob/master/libtransact/src/state/mod.rs#L40-L43]].

The receipt module should have a method to convert into a state module version of the enum",,swetharepakula,,,,,,,,,,,,,,,,,(Please add high level design or a link to the design),Unset,Unset,Unset,,,,,No,,Unset,No,,,"1|i010ib:",,,,Unset,Unset,(Please add steps to reproduce),,Unset,,,,,,Unset,,Unset,,(Please add usage information),swetharepakula,,,0-3,0-4,main,true,"21/Sep/19 8:36 AM;swetharepakula;[https://github.com/hyperledger/transact/pull/17];;;"
Support PostgreSQL database backend,TX-55,42649,New Feature,In Progress,TX,Transact,software,amundson,,,Medium,,amundson,amundson,amundson,07/Oct/19 11:55 PM,07/Oct/19 11:56 PM,28/Oct/23 2:43 AM,,,0,"It is desirable to support a PostgreSQL database backend, in addition to the current LMDB implementation. In part, to make it easier to use Transact in cloud environments.",,amundson,,,,,,,,,,,,,,,,,(Please add high level design or a link to the design),Unset,Unset,Unset,,,,,No,,Unset,No,,,"1|i011mr:",,,,Unset,Unset,(Please add steps to reproduce),,Unset,,,,,,Unset,,Unset,,(Please add usage information),amundson,,,,,,,
Support Redis database backend,TX-56,42650,New Feature,In Review,TX,Transact,software,amundson,,,Medium,,pschwarz,amundson,amundson,07/Oct/19 11:57 PM,21/Oct/19 11:42 PM,28/Oct/23 2:43 AM,,,0,"It is desirable to support a Redis database backend in addition to the current LMDB backend. In part, this is to better support using Transact in cloud environments.",,amundson,pschwarz,,,,,,,,,,,,,,,,(Please add high level design or a link to the design),Unset,Unset,Unset,,,,,No,,Unset,No,,,"1|i011mz:",,,,Unset,Unset,(Please add steps to reproduce),,Unset,,,,,,Unset,,Unset,,(Please add usage information),amundson,pschwarz,,,,,,"21/Oct/19 11:42 PM;pschwarz;PR for this feature here: https://github.com/hyperledger/transact/pull/25;;;"
Initialize transact-sdk-javascript repo,TX-57,43532,New Feature,Done,TX,Transact,software,amundson,,,Medium,Done,rbuysse,newhall,newhall,04/Dec/19 4:00 AM,12/Feb/20 12:35 AM,28/Oct/23 2:43 AM,12/Feb/20 12:35 AM,,0,Initialize a repo for the transact javascript sdk implementation,,newhall,,,,,,,,,,,,,,,,,(Please add high level design or a link to the design),Unset,Unset,Unset,,,,,No,,Unset,No,,,"1|i015nv:",,,,Unset,Unset,(Please add steps to reproduce),,Unset,,,,,,Unset,,Unset,,(Please add usage information),newhall,,,,,,,
